movieNm,years
잡스,2013
더 테러 라이브,2013
슈퍼배드 2,2013
드래곤볼Z : 신들의 전쟁,2013
일대종사,2013
숨바꼭질,2013
나우 유 씨 미 : 마술사기단,2013
감기,2013
설국열차,2013
더 테러 라이브,2013
에픽 : 숲속의 전설 ,2013
R.I.P.D. : 알.아이.피.디.,2013
일대종사,2013
터보,2013
개구쟁이 스머프 2,2013
숨바꼭질,2013
설국열차,2013
감기,2013
더 테러 라이브,2013
에픽 : 숲속의 전설 ,2013
터보,2013
명탐정 코난 : 수평선상의 음모,2013
개구쟁이 스머프 2,2013
레드: 더 레전드,2013
슈퍼윙스 3D,2013
설국열차,2013
더 테러 라이브,2013
에픽 : 숲속의 전설 ,2013
터보,2013
개구쟁이 스머프 2,2013
명탐정 코난 : 수평선상의 음모,2013
레드: 더 레전드,2013
감기,2013
감시자들,2013
더 울버린,2013
설국열차,2013
더 테러 라이브,2013
터보,2013
레드: 더 레전드,2013
개구쟁이 스머프 2,2013
감시자들,2013
더 울버린,2013
미스터 고,2013
퍼시픽 림,2013
극장판 도라에몽: 진구의 비밀도구 박물관,2013
레드: 더 레전드,2013
더 울버린,2013
감시자들,2013
터보,2013
미스터 고,2013
퍼시픽 림,2013
더 테러 라이브,2013
월드 워 Z,2013
극장판 도라에몽: 진구의 비밀도구 박물관,2013
더 웹툰: 예고살인,2013
감시자들,2013
레드: 더 레전드,2013
퍼시픽 림,2013
미스터 고,2013
월드 워 Z,2013
더 웹툰: 예고살인,2013
터보,2013
토니 스토리: 깡통제국의 비밀,2013
은밀하게 위대하게,2013
론 레인저,2013
감시자들,2013
퍼시픽 림,2013
월드 워 Z,2013
더 웹툰: 예고살인,2013
론 레인저,2013
은밀하게 위대하게,2013
화이트 하우스 다운,2013
쿵후팬더: 영웅의 탄생,2013
사이드 이펙트,2013
미스터 고,2013
감시자들,2013
월드 워 Z,2013
더 웹툰: 예고살인,2013
론 레인저,2013
은밀하게 위대하게,2013
화이트 하우스 다운,2013
맨 오브 스틸,2013
쿵후팬더: 영웅의 탄생,2013
쥬라기 공원,1993
빅 웨딩,2013
월드 워 Z,2013
더 웹툰: 예고살인,2013
은밀하게 위대하게,2013
화이트 하우스 다운,2013
맨 오브 스틸,2013
더 콜,2013
스타트렉 다크니스,2013
토토의 움직이는 숲,2013
쥬라기 공원,1993
빅 웨딩,2013
월드 워 Z,2013
은밀하게 위대하게,2013
맨 오브 스틸,2013
스타트렉 다크니스,2013
더 콜,2013
닥터,2013
토토의 움직이는 숲,2013
무서운 이야기 2,2013
크루즈 패밀리,2013
꼭두각시,2013
은밀하게 위대하게,2013
맨 오브 스틸,2013
스타트렉 다크니스,2013
무서운 이야기 2,2013
분노의 질주: 더 맥시멈,2013
크루즈 패밀리,2013
백악관 최후의 날,2013
몽타주,2013
위대한 개츠비,2013
비포 미드나잇,2013
은밀하게 위대하게,2013
스타트렉 다크니스,2013
무서운 이야기 2,2013
분노의 질주: 더 맥시멈,2013
몽타주,2013
크루즈 패밀리,2013
애프터 어스,2013
백악관 최후의 날,2013
위대한 개츠비,2013
극장판 썬더일레븐 GO VS 골판지 전사 W,2013
분노의 질주: 더 맥시멈,2013
스타트렉 다크니스,2013
몽타주,2013
애프터 어스,2013
위대한 개츠비,2013
아이언맨 3,2013
크루즈 패밀리,2013
비포 미드나잇,2013
고령화 가족,2013
뜨거운 안녕,2013
분노의 질주: 더 맥시멈,2013
몽타주,2013
위대한 개츠비,2013
아이언맨 3,2013
크루즈 패밀리,2013
고령화 가족,2013
미나문방구,2013
비포 미드나잇,2013
스타트렉 다크니스,2013
전국노래자랑,2013
아이언맨 3,2013
몽타주,2013
위대한 개츠비,2013
고령화 가족,2013
크루즈 패밀리,2013
미나문방구,2013
전국노래자랑,2013
스니치,2013
전설의 주먹,2013
로마 위드 러브,2013
아이언맨 3,2013
고령화 가족,2013
전국노래자랑,2013
크루즈 패밀리,2013
전설의 주먹,2013
스니치,2013
짱구는 못말려 극장판:태풍을 부르는 나와 우주의 프린세스,2013
로마 위드 러브,2013
오블리비언,2013
송 포 유,2013
아이언맨 3,2013
전국노래자랑,2013
전설의 주먹,2013
짱구는 못말려 극장판:태풍을 부르는 나와 우주의 프린세스,2013
오블리비언,2013
니모를 찾아서,2003
런닝맨,2013
로마 위드 러브,2013
폭풍우 치는 밤에: 비밀 친구,2013
송 포 유,2013
아이언맨 3,2013
전설의 주먹,2013
오블리비언,2013
런닝맨,2013
짱구는 못말려 극장판:태풍을 부르는 나와 우주의 프린세스,2013
송 포 유,2013
노리개,2013
로마 위드 러브,2013
피노키오: 당나귀 섬의 비밀,2013
에반게리온: Q,2013
오블리비언,2013
전설의 주먹,2013
런닝맨,2013
노리개,2013
송 포 유,2013
지.아이.조 2,2013
뷰티풀 크리처스,2013
로마 위드 러브,2013
연애의 온도,2013
파파로티,2013
전설의 주먹,2013
오블리비언,2013
런닝맨,2013
지.아이.조 2,2013
연애의 온도,2013
파파로티,2013
신세계,2013
꼬마영웅 경찰차 프로디,2013
지슬 - 끝나지 않은 세월2,2013
호프 스프링즈,2013
지.아이.조 2,2013
런닝맨,2013
연애의 온도,2013
파파로티,2013
신세계,2013
웜 바디스,2013
7번방의 선물,2013
호스트,2013
지슬 - 끝나지 않은 세월2,2013
호프 스프링즈,2013
지.아이.조 2,2013
연애의 온도,2013
파파로티,2013
신세계,2013
웜 바디스,2013
장고:분노의 추적자,2013
7번방의 선물,2013
안나 카레니나,2013
웃는 남자,2013
원피스 극장판 Z,2013
연애의 온도,2013
파파로티,2013
웜 바디스,2013
신세계,2013
7번방의 선물,2013
장고:분노의 추적자,2013
안나 카레니나,2013
원피스 극장판 Z,2013
링컨,2013
사이코메트리,2013
신세계,2013
웜 바디스,2013
파파로티,2013
7번방의 선물,2013
사이코메트리,2013
오즈 그레이트 앤드 파워풀,2013
링컨,2013
잭 더 자이언트 킬러,2013
베를린,2013
글래디에이터: 로마 영웅 탄생의 비밀 3D,2013
신세계,2013
7번방의 선물,2013
사이코메트리,2013
오즈 그레이트 앤드 파워풀,2013
잭 더 자이언트 킬러,2013
스토커,2013
베를린,2013
차이니즈 조디악,2013
제로 다크 서티,2013
빌리와 용감한 녀석들 2 ,2013
신세계,2013
7번방의 선물,2013
잭 더 자이언트 킬러,2013
베를린,2013
스토커,2013
차이니즈 조디악,2013
빌리와 용감한 녀석들 2 ,2013
더 자이언트,2013
분노의 윤리학,2013
남자사용설명서,2013
7번방의 선물,2013
신세계,2013
베를린,2013
남자사용설명서,2013
분노의 윤리학,2013
다이하드: 굿 데이 투 다이,2013
빌리와 용감한 녀석들 2 ,2013
헨젤과 그레텔: 마녀 사냥꾼 3D,2013
더 자이언트,2013
해양경찰 마르코,2013
7번방의 선물,2013
베를린,2013
다이하드: 굿 데이 투 다이,2013
남쪽으로 튀어,2013
남자사용설명서,2013
헨젤과 그레텔: 마녀 사냥꾼 3D,2013
눈의 여왕,2013
뽀로로 극장판 슈퍼썰매 대모험,2013
해양경찰 마르코,2013
실버라이닝 플레이북,2013
7번방의 선물,2013
베를린,2013
다이하드: 굿 데이 투 다이,2013
남쪽으로 튀어,2013
뽀로로 극장판 슈퍼썰매 대모험,2013
눈의 여왕,2013
박수건달,2013
레미제라블,2012
몬스터 주식회사,2001
라이프 오브 파이,2013
7번방의 선물,2013
베를린,2013
박수건달,2013
뽀로로 극장판 슈퍼썰매 대모험,2013
몬스터 호텔,2013
레미제라블,2012
라이프 오브 파이,2013
명탐정 코난:은빛 날개의 마술사,2013
더 임파서블,2013
잭 리처,2013
7번방의 선물,2013
박수건달,2013
뽀로로 극장판 슈퍼썰매 대모험,2013
몬스터 호텔,2013
레미제라블,2012
잭 리처,2013
더 임파서블,2013
타워,2012
라이프 오브 파이,2013
명탐정 코난:은빛 날개의 마술사,2013
박수건달,2013
레미제라블,2012
타워,2012
잭 리처,2013
몬스터 호텔,2013
더 임파서블,2013
라이프 오브 파이,2013
클라우드 아틀라스,2013
파이스토리 : 악당상어 소탕작전,2013
마이 리틀 히어로,2013
박수건달,2013
타워,2012
레미제라블,2012
라이프 오브 파이,2013
클라우드 아틀라스,2013
반창꼬,2012
파이스토리 : 악당상어 소탕작전,2013
마이 리틀 히어로,2013
주먹왕 랄프,2012
잠베지아: 신비한 나무섬의 비밀,2012
타워,2012
레미제라블,2012
반창꼬,2012
라이프 오브 파이,2013
호빗: 뜻밖의 여정,2012
주먹왕 랄프,2012
잠베지아: 신비한 나무섬의 비밀,2012
가문의 영광5 - 가문의 귀환,2012
니코: 산타비행단의 모험,2012
나의 PS 파트너 ,2012
레미제라블,2012
타워,2012
반창꼬,2012
호빗: 뜻밖의 여정,2012
가문의 영광5 - 가문의 귀환,2012
주먹왕 랄프,2012
니코: 산타비행단의 모험,2012
잠베지아: 신비한 나무섬의 비밀,2012
나의 PS 파트너 ,2012
극장판 포켓몬스터 베스트위시「큐레무 VS 성검사 케르디오」,2012
레미제라블,2012
호빗: 뜻밖의 여정,2012
반창꼬,2012
가문의 영광5 - 가문의 귀환,2012
나의 PS 파트너 ,2012
26년,2012
주먹왕 랄프,2012
극장판 포켓몬스터 베스트위시「큐레무 VS 성검사 케르디오」,2012
극장판 포켓몬스터 베스트위시「메로엣타의 반짝반짝 음악회」,2012
가디언즈,2012
호빗: 뜻밖의 여정,2012
26년,2012
나의 PS 파트너 ,2012
가디언즈,2012
늑대소년-확장판,2012
원 데이,2012
내가 살인범이다,2012
브레이킹 던 part2,2012
극장판 파워레인저: 캡틴포스 VS 미라클포스 199 히어로 대결전 ,2012
"광해, 왕이 된 남자",2012
26년,2012
나의 PS 파트너 ,2012
가디언즈,2012
브레이킹 던 part2,2012
늑대소년-확장판,2012
내가 살인범이다,2012
늑대소년,2012
음치 클리닉 ,2012
돈 크라이 마미,2012
"광해, 왕이 된 남자",2012
26년,2012
늑대소년,2012
브레이킹 던 part2,2012
내가 살인범이다,2012
돈 크라이 마미,2012
가디언즈,2012
음치 클리닉 ,2012
남영동1985,2012
"광해, 왕이 된 남자",2012
철가방 우수氏,2012
늑대소년,2012
브레이킹 던 part2,2012
내가 살인범이다,2012
돈 크라이 마미,2012
남영동1985,2012
"광해, 왕이 된 남자",2012
007 스카이폴,2012
자칼이 온다,2012
가디언즈,2012
음치 클리닉 ,2012
늑대소년,2012
브레이킹 던 part2,2012
내가 살인범이다,2012
"광해, 왕이 된 남자",2012
007 스카이폴,2012
자칼이 온다,2012
업사이드 다운,2012
살인소설,2012
나우이즈굿 ,2012
용의자X,2012
늑대소년,2012
내가 살인범이다,2012
007 스카이폴,2012
"광해, 왕이 된 남자",2012
업사이드 다운,2012
용의자X,2012
아르고,2012
나우이즈굿 ,2012
밀림의 왕자 레오2,2012
강철대오:구국의 철가방,2012
늑대소년,2012
007 스카이폴,2012
"광해, 왕이 된 남자",2012
용의자X,2012
아르고,2012
내가 살인범이다,2012
강철대오:구국의 철가방,2012
메리다와 마법의 숲,2012
복숭아나무,2012
루퍼,2012
007 스카이폴,2012
"광해, 왕이 된 남자",2012
용의자X,2012
강철대오:구국의 철가방,2012
회사원,2012
루퍼,2012
메리다와 마법의 숲,2012
파라노말 액티비티4,2012
위험한 관계,2012
조조-황제의 반란,2012
"광해, 왕이 된 남자",2012
용의자X,2012
회사원,2012
루퍼,2012
위험한 관계,2012
점쟁이들,2012
메리다와 마법의 숲,2012
조조-황제의 반란,2012
로우리스: 나쁜 영웅들,2012
테이큰 2,2012
"광해, 왕이 된 남자",2012
회사원,2012
루퍼,2012
점쟁이들,2012
테이큰 2,2012
위험한 관계,2012
메리다와 마법의 숲,2012
간첩,2012
19곰 테드,2012
프랑켄위니,2012
"광해, 왕이 된 남자",2012
테이큰 2,2012
메리다와 마법의 숲,2012
점쟁이들,2012
간첩,2012
19곰 테드,2012
늑대아이,2012
테드: 황금도시 파이티티를 찾아서,2012
피에타,2012
도둑들,2012
"광해, 왕이 된 남자",2012
테이큰 2,2012
간첩,2012
메리다와 마법의 숲,2012
19곰 테드,2012
피에타,2012
점쟁이들,2012
레지던트 이블 5 : 최후의 심판,2012
늑대아이,2012
테드: 황금도시 파이티티를 찾아서,2012
"광해, 왕이 된 남자",2012
간첩,2012
레지던트 이블 5 : 최후의 심판,2012
피에타,2012
본 레거시,2012
테드: 황금도시 파이티티를 찾아서,2012
늑대아이,2012
공모자들,2012
익스펜더블 2,2012
도둑들,2012
"광해, 왕이 된 남자",2012
레지던트 이블 5 : 최후의 심판,2012
본 레거시,2012
피에타,2012
공모자들,2012
익스펜더블 2,2012
이웃사람,2012
도둑들,2012
늑대아이,2012
바람과 함께 사라지다,2012
본 레거시,2012
공모자들,2012
이웃사람,2012
익스펜더블 2,2012
도둑들,2012
바람과 함께 사라지다,2012
링컨: 뱀파이어 헌터,2012
스텝업4 : 레볼루션,2012
피에타,2012
577 프로젝트,2012
이웃사람,2012
공모자들,2012
도둑들,2012
바람과 함께 사라지다,2012
링컨: 뱀파이어 헌터,2012
스텝업4 : 레볼루션,2012
R2B: 리턴투베이스,2012
토탈 리콜,2012
577 프로젝트,2012
새미의 어드벤쳐 2,2012
이웃사람,2012
도둑들,2012
바람과 함께 사라지다,2012
R2B: 리턴투베이스,2012
토탈 리콜,2012
스텝업4 : 레볼루션,2012
새미의 어드벤쳐 2,2012
다크 나이트 라이즈,2012
나는 왕이로소이다,2012
빌리와 용감한 녀석들 3D,2012
도둑들,2012
바람과 함께 사라지다,2012
토탈 리콜,2012
R2B: 리턴투베이스,2012
스텝업4 : 레볼루션,2012
새미의 어드벤쳐 2,2012
나는 왕이로소이다,2012
다크 나이트 라이즈,2012
아이스 에이지 4: 대륙 이동설,2012
빌리와 용감한 녀석들 3D,2012
도둑들,2012
바람과 함께 사라지다,2012
다크 나이트 라이즈,2012
새미의 어드벤쳐 2,2012
나는 왕이로소이다,2012
아이스 에이지 4: 대륙 이동설,2012
빌리와 용감한 녀석들 3D,2012
무서운 이야기,2012
명탐정 코난: 11번째 스트라이커,2012
스텝업4 : 레볼루션,2012
도둑들,2012
다크 나이트 라이즈,2012
아이스 에이지 4: 대륙 이동설,2012
새미의 어드벤쳐 2,2012
명탐정 코난: 11번째 스트라이커,2012
무서운 이야기,2012
연가시,2012
극장판 도라에몽: 진구와 기적의 섬 애니멀 어드벤처,2012
나는 왕이로소이다,2012
락 오브 에이지,2012
도둑들,2012
다크 나이트 라이즈,2012
아이스 에이지 4: 대륙 이동설,2012
연가시,2012
무서운 이야기,2012
명탐정 코난: 11번째 스트라이커,2012
어메이징 스파이더맨,2012
극장판 도라에몽: 진구와 기적의 섬 애니멀 어드벤처,2012
두 개의 달,2012
미드나잇 인 파리,2012
다크 나이트 라이즈,2012
연가시,2012
어메이징 스파이더맨,2012
명탐정 코난: 11번째 스트라이커,2012
두 개의 달,2012
5백만불의 사나이,2012
미드나잇 인 파리,2012
나는 공무원이다,2012
모모와 다락방의 수상한 요괴들,2012
리미트리스,2012
연가시,2012
어메이징 스파이더맨,2012
두 개의 달,2012
나는 공무원이다,2012
모모와 다락방의 수상한 요괴들,2012
미드나잇 인 파리,2012
리미트리스,2012
마다가스카3 : 이번엔 서커스다!,2012
더 레이븐,2012
내 아내의 모든 것,2012
어메이징 스파이더맨,2012
연가시,2012
내 아내의 모든 것,2012
후궁 : 제왕의 첩,2012
모모와 다락방의 수상한 요괴들,2012
마다가스카3 : 이번엔 서커스다!,2012
더 레이븐,2012
캐빈 인 더 우즈,2012
미드나잇 인 파리,2012
아부의 왕,2012
어메이징 스파이더맨,2012
후궁 : 제왕의 첩,2012
내 아내의 모든 것,2012
미쓰GO,2012
마다가스카3 : 이번엔 서커스다!,2012
아부의 왕,2012
캐빈 인 더 우즈,2012
차형사,2012
락아웃: 익스트림미션,2012
프로메테우스,2012
후궁 : 제왕의 첩,2012
미쓰GO,2012
내 아내의 모든 것,2012
마다가스카3 : 이번엔 서커스다!,2012
아부의 왕,2012
락아웃: 익스트림미션,2012
차형사,2012
프로메테우스,2012
맨 인 블랙 3,2012
페이스 블라인드,2012
후궁 : 제왕의 첩,2012
내 아내의 모든 것,2012
마다가스카3 : 이번엔 서커스다!,2012
프로메테우스,2012
차형사,2012
락아웃: 익스트림미션,2012
맨 인 블랙 3,2012
미확인 동영상 : 절대클릭금지,2012
사다코 3D : 죽음의 동영상,2012
더 씽,2012
후궁 : 제왕의 첩,2012
내 아내의 모든 것,2012
마다가스카3 : 이번엔 서커스다!,2012
맨 인 블랙 3,2012
프로메테우스,2012
차형사,2012
미확인 동영상 : 절대클릭금지,2012
스노우 화이트 앤 더 헌츠맨,2012
어벤져스,2012
돈의 맛,2012
맨 인 블랙 3,2012
내 아내의 모든 것,2012
차형사,2012
스노우 화이트 앤 더 헌츠맨,2012
미확인 동영상 : 절대클릭금지,2012
어벤져스,2012
돈의 맛,2012
코리아,2012
마다가스카3 : 이번엔 서커스다!,2012
극장판 썬더일레븐GO : 궁극의 우정 그리폰,2012
맨 인 블랙 3,2012
내 아내의 모든 것,2012
어벤져스,2012
돈의 맛,2012
코리아,2012
스노우 화이트 앤 더 헌츠맨,2012
극장판 썬더일레븐GO : 궁극의 우정 그리폰,2012
다크 섀도우,2012
콜드 라잇 오브 데이,2012
은교,2012
어벤져스,2012
내 아내의 모든 것,2012
돈의 맛,2012
코리아,2012
다크 섀도우,2012
은교,2012
백설공주,2012
건축학개론,2012
콜드 라잇 오브 데이,2012
로렉스,2012
어벤져스,2012
코리아,2012
다크 섀도우,2012
은교,2012
백설공주,2012
건축학개론,2012
내 아내의 모든 것,2012
로렉스,2012
짱구는 못말려 극장판: 태풍을 부르는 황금스파이 대작전,2012
간기남,2012
어벤져스,2012
코리아,2012
은교,2012
백설공주,2012
건축학개론,2012
로렉스,2012
짱구는 못말려 극장판: 태풍을 부르는 황금스파이 대작전,2012
간기남,2012
배틀쉽,2012
언터처블: 1%의 우정,2012
어벤져스,2012
은교,2012
건축학개론,2012
간기남,2012
배틀쉽,2012
짱구는 못말려 극장판: 태풍을 부르는 황금스파이 대작전,2012
언터처블: 1%의 우정,2012
헝거게임: 판엠의 불꽃,2012
시체가 돌아왔다,2012
타이타닉,1998
배틀쉽,2012
간기남,2012
건축학개론,2012
언터처블: 1%의 우정,2012
시체가 돌아왔다,2012
헝거게임: 판엠의 불꽃,2012
타이타닉,1998
미녀와 야수,1992
킹메이커,2012
하트 브레이커,2012
배틀쉽,2012
건축학개론,2012
간기남,2012
언터처블: 1%의 우정,2012
헝거게임: 판엠의 불꽃,2012
시체가 돌아왔다,2012
타이타닉,1998
미녀와 야수,1992
인류멸망 보고서,2012
타이탄의 분노,2012
건축학개론,2012
언터처블: 1%의 우정,2012
시체가 돌아왔다,2012
헝거게임: 판엠의 불꽃,2012
타이탄의 분노,2012
타이타닉,1998
화차,2012
코난: 암흑의 시대,2012
간기남,2012
디스 민즈 워,2012
건축학개론,2012
타이탄의 분노,2012
언터처블: 1%의 우정,2012
시체가 돌아왔다,2012
화차,2012
디스 민즈 워,2012
존 카터: 바숨 전쟁의 서막 ,2012
크로니클,2012
가비,2012
콘트라밴드,2012
건축학개론,2012
화차,2012
언터처블: 1%의 우정,2012
존 카터: 바숨 전쟁의 서막 ,2012
크로니클,2012
디스 민즈 워,2012
가비,2012
서약,2012
러브픽션,2012
콘트라밴드,2012
화차,2012
존 카터: 바숨 전쟁의 서막 ,2012
크로니클,2012
러브픽션,2012
가비,2012
서약,2012
디스 민즈 워,2012
건축학개론,2012
범죄와의 전쟁: 나쁜놈들 전성시대,2012
저스티스,2012
화차,2012
러브픽션,2012
존 카터: 바숨 전쟁의 서막 ,2012
디스 민즈 워,2012
범죄와의 전쟁: 나쁜놈들 전성시대,2012
하울링,2012
세이프 하우스,2012
맨 온 렛지,2012
댄싱퀸,2012
액트 오브 밸러: 최정예 특수부대 ,2012
러브픽션,2012
범죄와의 전쟁: 나쁜놈들 전성시대,2012
디스 민즈 워,2012
하울링,2012
맨 온 렛지,2012
댄싱퀸,2012
토르: 마법망치의 전설,2012
세이프 하우스,2012
액트 오브 밸러: 최정예 특수부대 ,2012
철의 여인,2012
하울링,2012
범죄와의 전쟁: 나쁜놈들 전성시대,2012
맨 온 렛지,2012
댄싱퀸,2012
토르: 마법망치의 전설,2012
언더월드 4: 어웨이크닝,2012
더 그레이,2012
부러진 화살,2012
점박이:한반도의 공룡3D,2012
철의 여인,2012
범죄와의 전쟁: 나쁜놈들 전성시대,2012
하울링,2012
댄싱퀸,2012
부러진 화살,2012
토르: 마법망치의 전설,2012
더 그레이,2012
점박이:한반도의 공룡3D,2012
파파,2012
고스트 라이더 : 복수의 화신,2012
우먼 인 블랙,2012
범죄와의 전쟁: 나쁜놈들 전성시대,2012
댄싱퀸,2012
부러진 화살,2012
토르: 마법망치의 전설,2012
파파,2012
점박이:한반도의 공룡3D,2012
스타워즈:에피소드1 보이지 않는 위험 ,1999
워 호스,2012
팅커 테일러 솔저 스파이,2012
해피 피트 2,2012
범죄와의 전쟁: 나쁜놈들 전성시대,2012
부러진 화살,2012
댄싱퀸,2012
점박이:한반도의 공룡3D,2012
파파,2012
장화신은 고양이,2012
해피 피트 2,2012
잃어버린 세계를 찾아서 2: 신비의 섬,2012
미션임파서블:고스트프로토콜,2011
하이힐을 신고 달리는 여자,2012
댄싱퀸,2012
부러진 화살,2012
잃어버린 세계를 찾아서 2: 신비의 섬,2012
장화신은 고양이,2012
점박이:한반도의 공룡3D,2012
미션임파서블:고스트프로토콜,2011
페이스메이커,2012
우리는 동물원을 샀다,2012
네버엔딩 스토리,2012
밀레니엄 : 여자를 증오한 남자들,2012
댄싱퀸,2012
장화신은 고양이,2012
부러진 화살,2012
잃어버린 세계를 찾아서 2: 신비의 섬,2012
미션임파서블:고스트프로토콜,2011
페이스메이커,2012
네버엔딩 스토리,2012
밀레니엄 : 여자를 증오한 남자들,2012
원더풀 라디오,2012
우리는 동물원을 샀다,2012
장화신은 고양이,2012
미션임파서블:고스트프로토콜,2011
원더풀 라디오,2012
셜록홈즈 : 그림자 게임,2011
밀레니엄 : 여자를 증오한 남자들,2012
퍼펙트 게임,2011
마이 웨이,2011
코알라 키드 : 영웅의 탄생,2012
프렌즈: 몬스터섬의비밀 ,2011
초한지 - 천하대전,2012
미션임파서블:고스트프로토콜,2011
셜록홈즈 : 그림자 게임,2011
원더풀 라디오,2012
마이 웨이,2011
퍼펙트 게임,2011
프렌즈: 몬스터섬의비밀 ,2011
오싹한 연애,2011
다크아워,2012
라이온 킹,1994
극장판 포켓몬스터 베스트 위시「비크티니와 백의 영웅 레시라무」,2011
미션임파서블:고스트프로토콜,2011
셜록홈즈 : 그림자 게임,2011
마이 웨이,2011
퍼펙트 게임,2011
오싹한 연애,2011
프렌즈: 몬스터섬의비밀 ,2011
라이온 킹,1994
극장판 포켓몬스터 베스트 위시「비크티니와 백의 영웅 레시라무」,2011
앨빈과 슈퍼밴드3,2011
극장판 포켓몬스터 베스트 위시 「비크티니와 흑의 영웅 제크로무」,2011
미션임파서블:고스트프로토콜,2011
마이 웨이,2011
셜록홈즈 : 그림자 게임,2011
퍼펙트 게임,2011
오싹한 연애,2011
앨빈과 슈퍼밴드3,2011
극장판 포켓몬스터 베스트 위시「비크티니와 백의 영웅 레시라무」,2011
극장판 포켓몬스터 베스트 위시 「비크티니와 흑의 영웅 제크로무」,2011
틴틴 : 유니콘호의 비밀,2011
아더 크리스마스,2011
미션임파서블:고스트프로토콜,2011
오싹한 연애,2011
틴틴 : 유니콘호의 비밀,2011
앨빈과 슈퍼밴드3,2011
브레이킹 던 part1,2011
완득이,2011
특수본,2011
퍼펙트 게임,2011
아더 크리스마스,2011
결정적 한방,2011
오싹한 연애,2011
틴틴 : 유니콘호의 비밀,2011
브레이킹 던 part1,2011
특수본,2011
완득이,2011
아더 크리스마스,2011
블리츠,2011
리얼 스틸,2011
결정적 한방,2011
머니볼,2011
브레이킹 던 part1,2011
오싹한 연애,2011
특수본,2011
완득이,2011
아더 크리스마스,2011
리얼 스틸,2011
머니볼,2011
신들의 전쟁,2011
50/50,2011
너는 펫,2011
완득이,2011
특수본,2011
머니볼,2011
신들의 전쟁,2011
리얼 스틸,2011
아더 크리스마스,2011
브레이킹 던 part1,2011
너는 펫,2011
티끌모아 로맨스,2011
50/50,2011
완득이,2011
신들의 전쟁,2011
머니볼,2011
리얼 스틸,2011
너는 펫,2011
티끌모아 로맨스,2011
타워 하이스트,2011
완벽한 파트너,2011
인 타임,2011
오늘,2011
완득이,2011
신들의 전쟁,2011
리얼 스틸,2011
너는 펫,2011
티끌모아 로맨스,2011
인 타임,2011
커플즈,2011
오직 그대만,2011
헬프,2011
오늘,2011
완득이,2011
리얼 스틸,2011
커플즈,2011
인 타임,2011
오직 그대만,2011
Mr.아이돌,2011
헬프,2011
청원,2011
더 킥,2011
쟈니 잉글리쉬2 : 네버다이,2011
완득이,2011
리얼 스틸,2011
오직 그대만,2011
인 타임,2011
의뢰인,2011
도가니,2011
삼총사 3D,2011
프렌즈 위드 베네핏,2011
파라노말 액티비티 3,2011
오늘,2011
리얼 스틸,2011
완득이,2011
오직 그대만,2011
의뢰인,2011
도가니,2011
삼총사 3D,2011
파라노말 액티비티 3,2011
히트,2011
최종병기 활,2011
투혼,2011
리얼 스틸,2011
도가니,2011
의뢰인,2011
삼총사 3D,2011
투혼,2011
완득이,2011
오직 그대만,2011
최종병기 활,2011
카운트다운,2011
히트,2011
도가니,2011
의뢰인,2011
카운트다운,2011
최종병기 활,2011
투혼,2011
코쿠리코 언덕에서,2011
리얼 스틸,2011
어브덕션,2011
파퍼씨네 펭귄들,2011
삼총사 3D,2011
도가니,2011
의뢰인,2011
카운트다운,2011
최종병기 활,2011
어브덕션,2011
코쿠리코 언덕에서,2011
컨테이젼,2011
파퍼씨네 펭귄들,2011
킬러 엘리트,2011
가문의 영광4 - 가문의 수난,2011
도가니,2011
최종병기 활,2011
가문의 영광4 - 가문의 수난,2011
컨테이젼,2011
파퍼씨네 펭귄들,2011
킬러 엘리트,2011
통증,2011
의뢰인,2011
챔프,2011
카운트다운,2011
가문의 영광4 - 가문의 수난,2011
최종병기 활,2011
파퍼씨네 펭귄들,2011
통증,2011
챔프,2011
혹성탈출: 진화의 시작,2011
푸른소금,2011
콜롬비아나,2011
파이널 데스티네이션5,2011
쥴리의 육지 대모험,2011
가문의 영광4 - 가문의 수난,2011
최종병기 활,2011
통증,2011
파퍼씨네 펭귄들,2011
혹성탈출: 진화의 시작,2011
푸른소금,2011
챔프,2011
콜롬비아나,2011
블라인드,2011
파이널 데스티네이션5,2011
최종병기 활,2011
혹성탈출: 진화의 시작,2011
푸른소금,2011
블라인드,2011
콜롬비아나,2011
마당을 나온 암탉,2011
가문의 영광4 - 가문의 수난,2011
세 얼간이,2011
개구쟁이 스머프,2011
통증,2011
최종병기 활,2011
혹성탈출: 진화의 시작,2011
블라인드,2011
마당을 나온 암탉,2011
개구쟁이 스머프,2011
세 얼간이,2011
퀵,2011
돈비 어프레이드 : 어둠 속의 속삭임,2011
행오버 2,2011
내 여자친구의 결혼식,2011
최종병기 활,2011
혹성탈출: 진화의 시작,2011
블라인드,2011
개구쟁이 스머프,2011
마당을 나온 암탉,2011
퀵,2011
7광구,2011
세 얼간이,2011
고지전,2011
명탐정 코난 : 침묵의 15분,2011
최종병기 활,2011
7광구,2011
블라인드,2011
퀵,2011
마당을 나온 암탉,2011
개구쟁이 스머프,2011
고지전,2011
명탐정 코난 : 침묵의 15분,2011
카우보이 & 에이리언,2011
해리포터와 죽음의 성물2,2011
7광구,2011
퀵,2011
고지전,2011
마당을 나온 암탉,2011
해리포터와 죽음의 성물2,2011
명탐정 코난 : 침묵의 15분,2011
리오,2011
퍼스트 어벤져,2011
트랜스포머 3,2011
써니,2011
고지전,2011
퀵,2011
해리포터와 죽음의 성물2,2011
퍼스트 어벤져,2011
마당을 나온 암탉,2011
리오,2011
트랜스포머 3,2011
카 2,2011
써니,2011
극장판 도라에몽: 진구와 철인군단 날아라 천사들,2011
해리포터와 죽음의 성물2,2011
고지전,2011
퀵,2011
트랜스포머 3,2011
카 2,2011
써니,2011
바니버디,2011
고양이: 죽음을 보는 두 개의 눈,2011
빨간모자의 진실 2,2011
마당을 나온 암탉,2011
해리포터와 죽음의 성물2,2011
트랜스포머 3,2011
써니,2011
고양이: 죽음을 보는 두 개의 눈,2011
빨간모자의 진실 2,2011
고지전,2011
풍산개,2011
퀵,2011
포인트 블랭크,2011
쿵푸팬더 2,2011
트랜스포머 3,2011
써니,2011
고양이: 죽음을 보는 두 개의 눈,2011
풍산개,2011
쿵푸팬더 2,2011
화이트: 저주의 멜로디,2011
엑스맨: 퍼스트 클래스,2011
고 녀석 맛나겠다,2011
링컨 차를 타는 변호사,2011
음모자,2011
트랜스포머 3,2011
써니,2011
풍산개,2011
엑스맨: 퍼스트 클래스,2011
쿵푸팬더 2,2011
화이트: 저주의 멜로디,2011
링컨 차를 타는 변호사,2011
슈퍼 에이트,2011
정무문 : 100대 1의 전설,2011
음모자,2011
써니,2011
엑스맨: 퍼스트 클래스,2011
쿵푸팬더 2,2011
풍산개,2011
슈퍼 에이트,2011
화이트: 저주의 멜로디,2011
링컨 차를 타는 변호사,2011
정무문 : 100대 1의 전설,2011
그린랜턴: 반지의 선택,2011
러브 앤 프렌즈,2011
써니,2011
엑스맨: 퍼스트 클래스,2011
쿵푸팬더 2,2011
슈퍼 에이트,2011
화이트: 저주의 멜로디,2011
그린랜턴: 반지의 선택,2011
모비딕,2011
링컨 차를 타는 변호사,2011
러브 앤 프렌즈,2011
캐리비안의 해적: 낯선 조류,2011
쿵푸팬더 2,2011
엑스맨: 퍼스트 클래스,2011
써니,2011
캐리비안의 해적: 낯선 조류,2011
모비딕,2011
화이트: 저주의 멜로디,2011
마마,2011
프리스트,2011
스크림 4G,2011
레지던트,2011
쿵푸팬더 2,2011
엑스맨: 퍼스트 클래스,2011
써니,2011
캐리비안의 해적: 낯선 조류,2011
마마,2011
레지던트,2011
헤드,2011
모비딕,2011
위험한 상견례,2011
삼국지: 명장 관우,2011
쿵푸팬더 2,2011
캐리비안의 해적: 낯선 조류,2011
써니,2011
헤드,2011
소스 코드,2011
삼국지: 명장 관우,2011
체포왕,2011
회초리,2011
마마,2011
분노의 질주: 언리미티드,2011
캐리비안의 해적: 낯선 조류,2011
써니,2011
소스 코드,2011
체포왕,2011
삼국지: 명장 관우,2011
토르: 천둥의 신,2011
분노의 질주: 언리미티드,2011
회초리,2011
옥보단 3D,2011
천녀유혼,2011
써니,2011
소스 코드,2011
토르: 천둥의 신,2011
체포왕,2011
분노의 질주: 언리미티드,2011
짱구는 못말려 극장판 : 초시공! 태풍을 부르는 나의 신부,2011
위험한 상견례,2011
옥보단 3D,2011
천녀유혼,2011
썬더일레븐 극장판 : 최강군단 오우거의 습격,2011
토르: 천둥의 신,2011
써니,2011
소스 코드,2011
분노의 질주: 언리미티드,2011
체포왕,2011
짱구는 못말려 극장판 : 초시공! 태풍을 부르는 나의 신부,2011
위험한 상견례,2011
수상한 고객들,2011
썬더일레븐 극장판 : 최강군단 오우거의 습격,2011
적과의 동침,2011
토르: 천둥의 신,2011
분노의 질주: 언리미티드,2011
수상한 고객들,2011
위험한 상견례,2011
적과의 동침,2011
세상에서 가장 아름다운 이별,2011
체포왕,2011
써니,2011
제인 에어,2011
마오의 라스트 댄서,2011
분노의 질주: 언리미티드,2011
수상한 고객들,2011
위험한 상견례,2011
세상에서 가장 아름다운 이별,2011
노미오와 줄리엣,2011
제인 에어,2011
나는 아빠다,2011
한나,2011
내 이름은 칸,2011
더 라이트: 악마는 있다,2011
위험한 상견례,2011
수상한 고객들,2011
한나,2011
내 이름은 칸,2011
나는 아빠다,2011
그대를 사랑합니다,2011
노미오와 줄리엣,2011
라스트 나잇,2011
써커 펀치,2011
줄리아의 눈,2011
위험한 상견례,2011
그대를 사랑합니다,2011
내 이름은 칸,2011
써커 펀치,2011
줄리아의 눈,2011
킹스 스피치,2011
라스트 나잇,2011
황당한 외계인: 폴,2011
마이 블랙 미니드레스,2011
월드 인베이젼,2011
위험한 상견례,2011
킹스 스피치,2011
그대를 사랑합니다,2011
줄리아의 눈,2011
마이 블랙 미니드레스,2011
월드 인베이젼,2011
내 이름은 칸,2011
미트 페어런츠 3,2011
베니싱,2011
블랙 스완, 
킹스 스피치,2011
월드 인베이젼,2011
그대를 사랑합니다,2011
마이 블랙 미니드레스,2011
레드 라이딩 후드,2011
블랙 스완, 
위험한 상견례,2011
굿모닝 에브리원,2011
사랑이 무서워,2011
로맨틱 헤븐,2011
월드 인베이젼,2011
킹스 스피치,2011
블랙 스완, 
그대를 사랑합니다,2011
레드 라이딩 후드,2011
사랑이 무서워,2011
굿모닝 에브리원,2011
비스틀리,2011
웨이 백,2011
랭고,2011
월드 인베이젼,2011
블랙 스완, 
그대를 사랑합니다,2011
사랑이 무서워,2011
랭고,2011
컨트롤러,2011
아이들...,2011
파이터,2011
조선명탐정 : 각시투구꽃의 비밀,2011
아이 엠 넘버 포,2011
블랙 스완, 
아이들...,2011
아이 엠 넘버 포,2011
컨트롤러,2011
그대를 사랑합니다,2011
조선명탐정 : 각시투구꽃의 비밀,2011
랭고,2011
라푼젤,2011
언노운,2011
만추,2011
아이들...,2011
조선명탐정 : 각시투구꽃의 비밀,2011
블랙 스완, 
아이 엠 넘버 포,2011
만추,2011
라푼젤,2011
언노운,2011
그대를 사랑합니다,2011
메카닉,2011
알파 앤 오메가,2011
아이들...,2011
조선명탐정 : 각시투구꽃의 비밀,2011
만추,2011
라푼젤,2011
언노운,2011
그대를 사랑합니다,2011
생텀,2011
친구와 연인사이,2011
127시간,2011
평양성,2011
조선명탐정 : 각시투구꽃의 비밀,2011
라푼젤,2011
생텀,2011
평양성,2011
글러브,2011
걸리버 여행기,2011
친구와 연인사이,2011
아이들...,2011
상하이,2011
그대를 사랑합니다,2011
조선명탐정 : 각시투구꽃의 비밀,2011
걸리버 여행기,2011
평양성,2011
글러브,2011
상하이,2011
그린 호넷,2011
메가마인드,2011
타운,2011
헬로우 고스트,2010
가필드 펫 포스 3D,2011
조선명탐정 : 각시투구꽃의 비밀,2011
걸리버 여행기,2011
글러브,2011
평양성,2011
메가마인드,2011
상하이,2011
그린 호넷,2011
헬로우 고스트,2010
러브 & 드럭스,2011
타운,2011
글러브,2011
메가마인드,2011
헬로우 고스트,2010
러브 & 드럭스,2011
시즌 오브 더 위치: 마녀 호송단,2011
심장이 뛴다,2011
라스트 갓파더,2010
아프리카 마법여행,2011
"울지마, 톤즈",2010
황해,2010
헬로우 고스트,2010
메가마인드,2011
심장이 뛴다,2011
라스트 갓파더,2010
러브 & 드럭스,2011
시즌 오브 더 위치: 마녀 호송단,2011
황해,2010
해리 포터와 죽음의 성물1,2010
새미의 어드벤쳐,2010
꿀벌 하치의 대모험,2011
라스트 갓파더,2010
헬로우 고스트,2010
심장이 뛴다,2011
황해,2010
해리 포터와 죽음의 성물1,2010
새미의 어드벤쳐,2010
트론: 새로운 시작,2010
극장판 포켓 몬스터 DP 「환영의 패왕 조로아크」,2010
극장판 메탈 베이블레이드 VS 태양 작열의 침략자 솔블레이즈,2011
"울지마, 톤즈",2010
라스트 갓파더,2010
헬로우 고스트,2010
황해,2010
해리 포터와 죽음의 성물1,2010
트론: 새로운 시작,2010
새미의 어드벤쳐,2010
극장판 포켓 몬스터 DP 「환영의 패왕 조로아크」,2010
쩨쩨한 로맨스,2010
쓰리 데이즈,2010
김종욱 찾기,2010
황해,2010
해리 포터와 죽음의 성물1,2010
헬로우 고스트,2010
쩨쩨한 로맨스,2010
새미의 어드벤쳐,2010
김종욱 찾기,2010
나니아 연대기: 새벽 출정호의 항해,2010
쓰리 데이즈,2010
극장판 포켓 몬스터 DP 「환영의 패왕 조로아크」,2010
투어리스트,2010
해리 포터와 죽음의 성물1,2010
쩨쩨한 로맨스,2010
김종욱 찾기,2010
투어리스트,2010
나니아 연대기: 새벽 출정호의 항해,2010
새미의 어드벤쳐,2010
톨스토이의 마지막 인생,2010
워리어스 웨이,2010
베리드,2010
이층의 악당,2010
쩨쩨한 로맨스,2010
나니아 연대기: 새벽 출정호의 항해,2010
투어리스트,2010
김종욱 찾기,2010
워리어스 웨이,2010
이층의 악당,2010
스카이 라인,2010
베리드,2010
라스트 엑소시즘,2010
부당거래,2010
쩨쩨한 로맨스,2010
워리어스 웨이,2010
스카이 라인,2010
이층의 악당,2010
부당거래,2010
초능력자,2010
나니아 연대기: 새벽 출정호의 항해,2010
라스트 엑소시즘,2010
소셜 네트워크,2010
스위치,2010
스카이 라인,2010
초능력자,2010
이층의 악당,2010
부당거래,2010
소셜 네트워크,2010
페스티발,2010
언스토퍼블,2010
더 콘서트,2010
렛 미 인,2010
두 여자,2010
초능력자,2010
부당거래,2010
소셜 네트워크,2010
언스토퍼블,2010
페스티발,2010
렛 미 인,2010
쏘우 3D,2010
두 여자,2010
불량남녀,2010
레드,2010
초능력자,2010
부당거래,2010
언스토퍼블,2010
레드,2010
불량남녀,2010
가디언의 전설,2010
심야의 F.M.,2010
데블,2010
대지진,2010
돌이킬 수 없는,2010
부당거래,2010
레드,2010
불량남녀,2010
심야의 F.M.,2010
가디언의 전설,2010
데블,2010
돌이킬 수 없는,2010
파라노말 액티비티 2,2010
대지진,2010
나탈리,2010
부당거래,2010
심야의 F.M.,2010
가디언의 전설,2010
파라노말 액티비티 2,2010
시라노; 연애조작단,2010
방가? 방가!,2010
레터스 투 줄리엣,2010
월 스트리트: 머니 네버 슬립스,2010
나탈리,2010
검우강호,2010
심야의 F.M.,2010
파라노말 액티비티 2,2010
시라노; 연애조작단,2010
방가? 방가!,2010
월 스트리트: 머니 네버 슬립스,2010
레터스 투 줄리엣,2010
검우강호,2010
적인걸: 측천무후의 비밀,2010
참을 수 없는,2010
22 블렛,2010
심야의 F.M.,2010
시라노; 연애조작단,2010
방가? 방가!,2010
검우강호,2010
레터스 투 줄리엣,2010
적인걸: 측천무후의 비밀,2010
22 블렛,2010
먹고 기도하고 사랑하라,2010
아저씨,2010
슈퍼  배드,2010
시라노; 연애조작단,2010
방가? 방가!,2010
적인걸: 측천무후의 비밀,2010
먹고 기도하고 사랑하라,2010
레터스 투 줄리엣,2010
무적자,2010
슈퍼  배드,2010
해결사,2010
아저씨,2010
레지던트 이블 4: 끝나지 않은 전쟁 3D,2010
시라노; 연애조작단,2010
먹고 기도하고 사랑하라,2010
방가? 방가!,2010
무적자,2010
해결사,2010
레지던트 이블 4: 끝나지 않은 전쟁 3D,2010
슈퍼  배드,2010
아저씨,2010
마루 밑 아리에티,2010
퀴즈왕,2010
시라노; 연애조작단,2010
무적자,2010
레지던트 이블 4: 끝나지 않은 전쟁 3D,2010
슈퍼  배드,2010
해결사,2010
마루 밑 아리에티,2010
퀴즈왕,2010
아저씨,2010
그랑프리,2010
캣츠 앤 독스 2,2010
무적자,2010
해결사,2010
레지던트 이블 4: 끝나지 않은 전쟁 3D,2010
시라노; 연애조작단,2010
마루 밑 아리에티,2010
슈퍼  배드,2010
아저씨,2010
퀴즈왕,2010
그랑프리,2010
캣츠 앤 독스 2,2010
해결사,2010
마루 밑 아리에티,2010
아저씨,2010
킬러스,2010
김복남 살인사건의 전말,2010
악마를 보았다,2010
인셉션,2010
시라노; 연애조작단,2010
피라냐,2010
퀴즈왕,2010
아저씨,2010
킬러스,2010
악마를 보았다,2010
피라냐,2010
인셉션,2010
라스트 에어벤더,2010
뮬란: 전사의 귀환,2010
애프터 라이프,2010
프레데터스,2010
죽이고 싶은,2010
아저씨,2010
라스트 에어벤더,2010
악마를 보았다,2010
인셉션,2010
피라냐,2010
프레데터스,2010
익스펜더블,2010
토이 스토리 3,2010
아바타 3D 스페셜에디션,2010
폐가,2010
아저씨,2010
라스트 에어벤더,2010
악마를 보았다,2010
인셉션,2010
토이 스토리 3,2010
익스펜더블,2010
솔트,2010
폐가,2010
스텝 업 3D,2010
내니맥피 2: 유모와마법소동,2010
아저씨,2010
인셉션,2010
악마를 보았다,2010
토이 스토리 3,2010
솔트,2010
스텝 업 3D,2010
내니맥피 2: 유모와마법소동,2010
이끼,2010
오션월드 3D,2010
오션스,2010
인셉션,2010
솔트,2010
아저씨,2010
토이 스토리 3,2010
이끼,2010
고死 두 번째 이야기: 교생실습,2010
오션스,2010
스텝 업 3D,2010
마음이2,2010
명탐정 코난: 천공의 난파선,2010
인셉션,2010
솔트,2010
이끼,2010
고死 두 번째 이야기: 교생실습,2010
오션스,2010
마음이2,2010
명탐정 코난: 천공의 난파선,2010
마법사의 제자,2010
극장판 도라에몽: 진구의 인어대해전,2010
슈렉 포에버,2010
인셉션,2010
이끼,2010
마법사의 제자,2010
마음이2,2010
이클립스,2010
명탐정 코난: 천공의 난파선,2010
슈렉 포에버,2010
포화속으로,2010
나잇&데이,2010
파괴된 사나이,2010
이끼,2010
이클립스,2010
슈렉 포에버,2010
나잇&데이,2010
포화속으로,2010
파괴된 사나이,2010
방자전,2010
맨발의 꿈,2010
킬러 인사이드 미,2010
스플라이스,2010
이클립스,2010
슈렉 포에버,2010
나잇&데이,2010
포화속으로,2010
파괴된 사나이,2010
방자전,2010
스플라이스,2010
맨발의 꿈,2010
킬러 인사이드 미,2010
아더와 미니모이 2 : 셀레니아 공주 구출 작전,2010
슈렉 포에버,2010
나잇&데이,2010
포화속으로,2010
파괴된 사나이,2010
방자전,2010
맨발의 꿈,2010
스플라이스,2010
A-특공대,2010
필립모리스,2010
섹스 앤 더 시티 2,2010
포화속으로,2010
나잇&데이,2010
방자전,2010
A-특공대,2010
맨발의 꿈,2010
드래곤 길들이기,2010
섹스 앤 더 시티 2,2010
여대생 기숙사,2010
스트리트댄스,2010
베스트 키드,2010
포화속으로,2010
방자전,2010
A-특공대,2010
섹스 앤 더 시티 2,2010
드래곤 길들이기,2010
페르시아의 왕자: 시간의 모래,2010
베스트 키드,2010
스트리트댄스,2010
엽문2,2010
토마스와 친구들 - 극장판 2,2010
방자전,2010
페르시아의 왕자: 시간의 모래,2010
드래곤 길들이기,2010
A-특공대,2010
베스트 키드,2010
섹스 앤 더 시티 2,2010
포화속으로,2010
엣지 오브 다크니스,2010
내 깡패 같은 애인,2010
유령작가,2010
방자전,2010
페르시아의 왕자: 시간의 모래,2010
드래곤 길들이기,2010
하녀,2010
내 깡패 같은 애인,2010
엣지 오브 다크니스,2010
유령작가,2010
로빈 후드,2010
시,2010
꿈은 이루어진다,2010
페르시아의 왕자: 시간의 모래,2010
드래곤 길들이기,2010
하녀,2010
로빈 후드,2010
내 깡패 같은 애인,2010
아이언맨 2,2010
꿈은 이루어진다,2010
시,2010
대한민국 1%,2010
나이트메어,2010
하녀,2010
드래곤 길들이기,2010
로빈 후드,2010
아이언맨 2,2010
내 깡패 같은 애인,2010
나이트메어,2010
구르믈 버서난 달처럼,2010
대한민국 1%,2010
시,2010
베스트셀러,2010
하녀,2010
로빈 후드,2010
아이언맨 2,2010
구르믈 버서난 달처럼,2010
대한민국 1%,2010
베스트셀러,2010
친정엄마,2010
시,2010
블라인드 사이드,2010
브라더스,2010
아이언맨 2,2010
구르믈 버서난 달처럼,2010
베스트셀러,2010
대한민국 1%,2010
친정엄마,2010
케로로 더 무비 5: 기적의 사차원섬,2010
드래곤 길들이기,2010
블라인드 사이드,2010
브라더스,2010
타이탄,2010
아이언맨 2,2010
구르믈 버서난 달처럼,2010
베스트셀러,2010
친정엄마,2010
대한민국 1%,2010
블라인드 사이드,2010
타이탄,2010
허트 로커,2010
킥 애스: 영웅의 탄생,2010
반가운 살인자,2010
베스트셀러,2010
타이탄,2010
친정엄마,2010
반가운 살인자,2010
블라인드 사이드,2010
허트 로커,2010
킥 애스: 영웅의 탄생,2010
일라이,2010
육혈포 강도단,2010
바운티 헌터,2010
타이탄,2010
베스트셀러,2010
반가운 살인자,2010
일라이,2010
블라인드 사이드,2010
육혈포 강도단,2010
크레이지,2010
프로포즈 데이,2010
바운티 헌터,2010
그린 존,2010
타이탄,2010
반가운 살인자,2010
육혈포 강도단,2010
크레이지,2010
그린 존,2010
셔터 아일랜드,2010
프로포즈 데이,2010
이상한 나라의 앨리스,2010
집 나온 남자들,2010
폭풍전야,2010
타이탄,2010
육혈포 강도단,2010
그린 존,2010
셔터 아일랜드,2010
이상한 나라의 앨리스,2010
비밀애,2010
의형제,2010
폭풍전야,2010
솔로몬 케인,2010
아마존의 눈물,2010
육혈포 강도단,2010
셔터 아일랜드,2010
그린 존,2010
이상한 나라의 앨리스,2010
비밀애,2010
의형제,2010
솔로몬 케인,2010
무법자,2010
데이브레이커스,2010
사랑은 너무 복잡해,2010
이상한 나라의 앨리스,2010
셔터 아일랜드,2010
육혈포 강도단,2010
의형제,2010
프롬 파리 위드 러브,2010
무법자,2010
데이브레이커스,2010
사랑은 너무 복잡해,2010
하모니,2010
아바타,2009
이상한 나라의 앨리스,2010
의형제,2010
프롬 파리 위드 러브,2010
사랑은 너무 복잡해,2010
평행이론,2010
하모니,2010
디어 존,2010
대병소장,2010
아바타,2009
우리가 꿈꾸는 기적: 인빅터스,2010
이상한 나라의 앨리스,2010
의형제,2010
평행이론,2010
퍼시 잭슨과 번개 도둑,2010
하모니,2010
아바타,2009
디어 존,2010
포스 카인드,2010
러블리 본즈,2010
하늘에서 음식이 내린다면,2010
의형제,2010
퍼시 잭슨과 번개 도둑,2010
평행이론,2010
하모니,2010
아바타,2009
하늘에서 음식이 내린다면,2010
러블리 본즈,2010
포스 카인드,2010
클로이,2010
하치 이야기,2010
의형제,2010
퍼시 잭슨과 번개 도둑,2010
하모니,2010
아바타,2009
하늘에서 음식이 내린다면,2010
평행이론,2010
공자 춘추전국시대,2010
울프맨,2010
발렌타인 데이,2010
원피스 극장판: 스트롱 월드,2010
의형제,2010
퍼시 잭슨과 번개 도둑,2010
하모니,2010
아바타,2009
공자 춘추전국시대,2010
하늘에서 음식이 내린다면,2010
울프맨,2010
발렌타인 데이,2010
식객2 : 김치전쟁,2010
원피스 극장판: 스트롱 월드,2010
의형제,2010
하모니,2010
아바타,2009
전우치,2009
식객2 : 김치전쟁,2010
주유소 습격사건 2,2010
꼬마 니콜라,2010
들어는 봤니? 모건 부부,2010
용서는 없다,2010
파라노말 액티비티,2010
아바타,2009
하모니,2010
전우치,2009
주유소 습격사건 2,2010
식객2 : 김치전쟁,2010
용서는 없다,2010
꼬마 니콜라,2010
들어는 봤니? 모건 부부,2010
파라노말 액티비티,2010
아스트로 보이-아톰의 귀환,2010
아바타,2009
전우치,2009
주유소 습격사건 2,2010
용서는 없다,2010
파라노말 액티비티,2010
아스트로 보이-아톰의 귀환,2010
500일의 썸머,2010
8인: 최후의 결사단,2010
셜록 홈즈,2009
공주와 개구리,2010
아바타,2009
전우치,2009
용서는 없다,2010
파라노말 액티비티,2010
아스트로 보이-아톰의 귀환,2010
셜록 홈즈,2009
아빠가 여자를 좋아해,2010
앨빈과 슈퍼밴드2,2009
웨딩드레스,2010
더 로드,2010
아바타,2009
전우치,2009
용서는 없다,2010
셜록 홈즈,2009
앨빈과 슈퍼밴드2,2009
나인,2009
더 로드,2010
극장판파워레인저 엔진포스VS 와일드스피릿,2010
포켓 몬스터 DP: 아르세우스 초극의 시공으로,2009
아스트로 보이-아톰의 귀환,2010
아바타,2009
전우치,2009
셜록 홈즈,2009
나인,2009
앨빈과 슈퍼밴드2,2009
파르나서스 박사의 상상극장,2009
포켓 몬스터 DP: 아르세우스 초극의 시공으로,2009
모범시민,2009
위대한 침묵,2009
뉴 문,2009
아바타,2009
전우치,2009
셜록 홈즈,2009
파르나서스 박사의 상상극장,2009
포켓 몬스터 DP: 아르세우스 초극의 시공으로,2009
모범시민,2009
뉴 문,2009
여배우들,2009
2012,2009
시크릿,2009
아바타,2009
모범시민,2009
뉴 문,2009
시크릿,2009
여배우들,2009
2012,2009
닌자 어쌔신,2009
걸프렌즈,2009
홍길동의 후예,2009
크리스마스 캐롤,2009
뉴 문,2009
시크릿,2009
모범시민,2009
2012,2009
여배우들,2009
닌자 어쌔신,2009
홍길동의 후예,2009
크리스마스 캐롤,2009
백야행,2009
바람,2009
뉴 문,2009
2012,2009
닌자 어쌔신,2009
시크릿,2009
홍길동의 후예,2009
백야행,2009
크리스마스 캐롤,2009
청담보살,2009
바람,2009
에반게리온: 파,2009
